n_steps,return_mean,return_std
50000,-13.080704,12.774919
100000,-5.7159057,96.71543
150000,-13.501688,20.155111
200000,35.222607,106.58286
250000,222.1471,76.0556
300000,244.73315,13.011062
350000,219.27188,98.949615
400000,283.7021,26.589792
450000,281.21893,18.835188
